ID,Familiaridade,crit_negocio,crit_negocio_z_score,servi√ßo,crit_trabalho,crit_trabalho_z_score,indegree,outdegree,degree,weighted indegree,weighted outdegree,weighted degree,Eccentricity,closnesscentrality,harmonicclosnesscentrality,betweenesscentrality,Authority,Hub,pageranks,componentnumber,strongcompnum,modularity_class,stat_inf_class,clustering,eigencentrality,experiencia_profissional,experiencia_empresa
1,Muito familiarizado,6,"0,56",Tokenizer,2,"0,00",2,4,6,2,4,6,7,"0,2375","0,32995","84,666667","0,014725","0,351323","0,013079",0,23,0,0,0,"0,042373",10,1
2,Pouco familiarizado,10,"1,00",Tokenizer,10,"1,00",2,4,6,2,4,6,7,"0,2375","0,32995","84,666667","0,014725","0,351323","0,013079",0,23,0,0,0,"0,042373","0,25","0,25"
3,Pouco familiarizado,10,"1,00",Tokenizer,10,"1,00",2,4,6,2,4,6,7,"0,2375","0,32995","84,666667","0,014725","0,351323","0,013079",0,23,0,0,0,"0,042373",12,1
4,Muito familiarizado,10,"1,00",Tokenizer,9,"1,00",2,4,6,2,4,6,7,"0,2375","0,32995","84,666667","0,014725","0,351323","0,013079",0,23,0,0,0,"0,042373",3,"1,65"
5,Muito familiarizado,10,"1,00",Tokenizer,5,"0,44",2,4,6,2,4,6,7,"0,2375","0,32995","84,666667","0,014725","0,351323","0,013079",0,23,0,0,0,"0,042373",3,2
6,Familiarizado,10,"1,00",Tokenizer,9,"0,75",2,4,6,2,4,6,7,"0,2375","0,32995","84,666667","0,014725","0,351323","0,013079",0,23,0,0,0,"0,042373",5,2
7,Familiarizado,9,"0,80",Tokenizer,10,"1,00",2,4,6,2,4,6,7,"0,2375","0,32995","84,666667","0,014725","0,351323","0,013079",0,23,0,0,0,"0,042373",7,"0,3"
8,Familiarizado,10,"1,00",Tokenizer,10,"1,00",2,4,6,2,4,6,7,"0,2375","0,32995","84,666667","0,014725","0,351323","0,013079",0,23,0,0,0,"0,042373",12,3
9,Muito familiarizado,5,"0,44",Tokenization Source Api,3,"0,13",1,1,2,1,1,2,1,1,1,5,"0,108563",0,"0,009243",0,4,0,0,0,"0,045958",10,1
10,Pouco familiarizado,10,"1,00",Tokenization Source Api,10,"1,00",1,1,2,1,1,2,1,1,1,5,"0,108563",0,"0,009243",0,4,0,0,0,"0,045958","0,25","0,25"
11,Familiarizado,10,"1,00",Tokenization Source Api,10,"1,00",1,1,2,1,1,2,1,1,1,5,"0,108563",0,"0,009243",0,4,0,0,0,"0,045958",12,1
12,Pouco familiarizado,5,"0,29",Tokenization Source Api,5,"0,20",1,1,2,1,1,2,1,1,1,5,"0,108563",0,"0,009243",0,4,0,0,0,"0,045958",3,"1,65"
13,Familiarizado,10,"1,00",Tokenization Source Api,3,"0,22",1,1,2,1,1,2,1,1,1,5,"0,108563",0,"0,009243",0,4,0,0,0,"0,045958",3,2
14,Familiarizado,10,"1,00",Tokenization Source Api,8,"0,50",1,1,2,1,1,2,1,1,1,5,"0,108563",0,"0,009243",0,4,0,0,0,"0,045958",5,2
15,Pouco familiarizado,9,"0,80",Tokenization Source Api,10,"1,00",1,1,2,1,1,2,1,1,1,5,"0,108563",0,"0,009243",0,4,0,0,0,"0,045958",7,"0,3"
16,Pouco familiarizado,7,"0,50",Tokenization Source Api,9,"0,83",1,1,2,1,1,2,1,1,1,5,"0,108563",0,"0,009243",0,4,0,0,0,"0,045958",12,3
17,Muito familiarizado,6,"0,56",Payment Source Api,3,"0,13",2,1,3,2,1,3,1,1,1,28,"0,171592",0,"0,015156",0,2,0,0,0,"0,183879",10,1
18,Pouco familiarizado,10,"1,00",Payment Source Api,10,"1,00",2,1,3,2,1,3,1,1,1,28,"0,171592",0,"0,015156",0,2,0,0,0,"0,183879","0,25","0,25"
19,Pouco familiarizado,10,"1,00",Payment Source Api,10,"1,00",2,1,3,2,1,3,1,1,1,28,"0,171592",0,"0,015156",0,2,0,0,0,"0,183879",12,1
20,Pouco familiarizado,10,"1,00",Payment Source Api,7,"0,60",2,1,3,2,1,3,1,1,1,28,"0,171592",0,"0,015156",0,2,0,0,0,"0,183879",3,"1,65"
21,Muito familiarizado,10,"1,00",Payment Source Api,5,"0,44",2,1,3,2,1,3,1,1,1,28,"0,171592",0,"0,015156",0,2,0,0,0,"0,183879",3,2
22,Familiarizado,9,"0,75",Payment Source Api,8,"0,50",2,1,3,2,1,3,1,1,1,28,"0,171592",0,"0,015156",0,2,0,0,0,"0,183879",5,2
23,Pouco familiarizado,10,"1,00",Payment Source Api,10,"1,00",2,1,3,2,1,3,1,1,1,28,"0,171592",0,"0,015156",0,2,0,0,0,"0,183879",7,"0,3"
24,Familiarizado,9,"0,83",Payment Source Api,9,"0,83",2,1,3,2,1,3,1,1,1,28,"0,171592",0,"0,015156",0,2,0,0,0,"0,183879",12,3
25,Muito familiarizado,3,"0,22",Tokenization Source Db,5,"0,38",1,0,1,1,0,1,0,0,0,0,0,0,"0,01432",0,3,0,0,0,"0,040721",10,1
26,Pouco familiarizado,10,"1,00",Tokenization Source Db,10,"1,00",1,0,1,1,0,1,0,0,0,0,0,0,"0,01432",0,3,0,0,0,"0,040721","0,25","0,25"
27,Pouco familiarizado,10,"1,00",Tokenization Source Db,10,"1,00",1,0,1,1,0,1,0,0,0,0,0,0,"0,01432",0,3,0,0,0,"0,040721",12,1
28,Familiarizado,5,"0,29",Tokenization Source Db,5,"0,20",1,0,1,1,0,1,0,0,0,0,0,0,"0,01432",0,3,0,0,0,"0,040721",3,"1,65"
29,Familiarizado,10,"1,00",Tokenization Source Db,3,"0,22",1,0,1,1,0,1,0,0,0,0,0,0,"0,01432",0,3,0,0,0,"0,040721",3,2
30,Familiarizado,9,"0,75",Tokenization Source Db,9,"0,75",1,0,1,1,0,1,0,0,0,0,0,0,"0,01432",0,3,0,0,0,"0,040721",5,2
31,Pouco familiarizado,9,"0,80",Tokenization Source Db,10,"1,00",1,0,1,1,0,1,0,0,0,0,0,0,"0,01432",0,3,0,0,0,"0,040721",7,"0,3"
32,Pouco familiarizado,7,"0,50",Tokenization Source Db,9,"0,83",1,0,1,1,0,1,0,0,0,0,0,0,"0,01432",0,3,0,0,0,"0,040721",12,3
33,Muito familiarizado,7,"0,67",Payment Source Db,4,"0,25",1,0,1,1,0,1,0,0,0,0,0,0,"0,019346",0,1,0,0,0,"0,12235",10,1
34,Pouco familiarizado,10,"1,00",Payment Source Db,10,"1,00",1,0,1,1,0,1,0,0,0,0,0,0,"0,019346",0,1,0,0,0,"0,12235","0,25","0,25"
35,Pouco familiarizado,10,"1,00",Payment Source Db,10,"1,00",1,0,1,1,0,1,0,0,0,0,0,0,"0,019346",0,1,0,0,0,"0,12235",12,1
36,Familiarizado,10,"1,00",Payment Source Db,8,"0,80",1,0,1,1,0,1,0,0,0,0,0,0,"0,019346",0,1,0,0,0,"0,12235",3,"1,65"
37,Muito familiarizado,10,"1,00",Payment Source Db,3,"0,22",1,0,1,1,0,1,0,0,0,0,0,0,"0,019346",0,1,0,0,0,"0,12235",3,2
38,Pouco familiarizado,9,"0,75",Payment Source Db,8,"0,50",1,0,1,1,0,1,0,0,0,0,0,0,"0,019346",0,1,0,0,0,"0,12235",5,2
39,Pouco familiarizado,10,"1,00",Payment Source Db,10,"1,00",1,0,1,1,0,1,0,0,0,0,0,0,"0,019346",0,1,0,0,0,"0,12235",7,"0,3"
40,Pouco familiarizado,10,"1,00",Payment Source Db,9,"0,83",1,0,1,1,0,1,0,0,0,0,0,0,"0,019346",0,1,0,0,0,"0,12235",12,3
41,Muito familiarizado,8,"0,78",Recurrence Status Updater,6,"0,50",1,2,3,1,2,3,7,"0,23125","0,285393","27,166667","0,013019",0,"0,00921",0,27,3,0,0,"0,004907",10,1
42,Pouco familiarizado,10,"1,00",Recurrence Status Updater,10,"1,00",1,2,3,1,2,3,7,"0,23125","0,285393","27,166667","0,013019",0,"0,00921",0,27,3,0,0,"0,004907","0,25","0,25"
43,Pouco familiarizado,8,"0,71",Recurrence Status Updater,9,"0,86",1,2,3,1,2,3,7,"0,23125","0,285393","27,166667","0,013019",0,"0,00921",0,27,3,0,0,"0,004907",12,1
44,Familiarizado,7,"0,57",Recurrence Status Updater,5,"0,20",1,2,3,1,2,3,7,"0,23125","0,285393","27,166667","0,013019",0,"0,00921",0,27,3,0,0,"0,004907",3,"1,65"
45,Familiarizado,7,"0,50",Recurrence Status Updater,8,"0,78",1,2,3,1,2,3,7,"0,23125","0,285393","27,166667","0,013019",0,"0,00921",0,27,3,0,0,"0,004907",3,2
46,Pouco familiarizado,6,"0,00",Recurrence Status Updater,7,"0,25",1,2,3,1,2,3,7,"0,23125","0,285393","27,166667","0,013019",0,"0,00921",0,27,3,0,0,"0,004907",5,2
47,Pouco familiarizado,7,"0,40",Recurrence Status Updater,10,"1,00",1,2,3,1,2,3,7,"0,23125","0,285393","27,166667","0,013019",0,"0,00921",0,27,3,0,0,"0,004907",7,"0,3"
48,Pouco familiarizado,6,"0,33",Recurrence Status Updater,7,"0,50",1,2,3,1,2,3,7,"0,23125","0,285393","27,166667","0,013019",0,"0,00921",0,27,3,0,0,"0,004907",12,3
49,Muito familiarizado,3,"0,22",Command Creator,2,"0,00",2,1,3,2,1,3,9,"0,172589","0,222199","80,833333","0,123324",0,"0,024502",0,22,3,0,0,"0,445344",10,1
50,Pouco familiarizado,10,"1,00",Command Creator,10,"1,00",2,1,3,2,1,3,9,"0,172589","0,222199","80,833333","0,123324",0,"0,024502",0,22,3,0,0,"0,445344","0,25","0,25"
51,Pouco familiarizado,8,"0,71",Command Creator,9,"0,86",2,1,3,2,1,3,9,"0,172589","0,222199","80,833333","0,123324",0,"0,024502",0,22,3,0,0,"0,445344",12,1
52,Familiarizado,8,"0,71",Command Creator,8,"0,80",2,1,3,2,1,3,9,"0,172589","0,222199","80,833333","0,123324",0,"0,024502",0,22,3,0,0,"0,445344",3,"1,65"
53,Muito familiarizado,8,"0,67",Command Creator,4,"0,33",2,1,3,2,1,3,9,"0,172589","0,222199","80,833333","0,123324",0,"0,024502",0,22,3,0,0,"0,445344",3,2
54,Pouco familiarizado,6,"0,00",Command Creator,6,"0,00",2,1,3,2,1,3,9,"0,172589","0,222199","80,833333","0,123324",0,"0,024502",0,22,3,0,0,"0,445344",5,2
55,Pouco familiarizado,5,"0,00",Command Creator,7,"0,00",2,1,3,2,1,3,9,"0,172589","0,222199","80,833333","0,123324",0,"0,024502",0,22,3,0,0,"0,445344",7,"0,3"
56,Familiarizado,7,"0,50",Command Creator,8,"0,67",2,1,3,2,1,3,9,"0,172589","0,222199","80,833333","0,123324",0,"0,024502",0,22,3,0,0,"0,445344",12,3
57,Muito familiarizado,9,"0,89",Recurrence Api,4,"0,25",1,3,4,1,3,4,6,"0,284553","0,349524","60,166667",0,"0,299523","0,010378",0,26,3,0,0,"0,013633",10,1
58,Pouco familiarizado,10,"1,00",Recurrence Api,10,"1,00",1,3,4,1,3,4,6,"0,284553","0,349524","60,166667",0,"0,299523","0,010378",0,26,3,0,0,"0,013633","0,25","0,25"
59,Pouco familiarizado,8,"0,71",Recurrence Api,9,"0,86",1,3,4,1,3,4,6,"0,284553","0,349524","60,166667",0,"0,299523","0,010378",0,26,3,0,0,"0,013633",12,1
60,Muito familiarizado,8,"0,71",Recurrence Api,8,"0,80",1,3,4,1,3,4,6,"0,284553","0,349524","60,166667",0,"0,299523","0,010378",0,26,3,0,0,"0,013633",3,"1,65"
61,Familiarizado,8,"0,67",Recurrence Api,7,"0,67",1,3,4,1,3,4,6,"0,284553","0,349524","60,166667",0,"0,299523","0,010378",0,26,3,0,0,"0,013633",3,2
62,Pouco familiarizado,7,"0,25",Recurrence Api,7,"0,25",1,3,4,1,3,4,6,"0,284553","0,349524","60,166667",0,"0,299523","0,010378",0,26,3,0,0,"0,013633",5,2
63,Familiarizado,10,"1,00",Recurrence Api,10,"1,00",1,3,4,1,3,4,6,"0,284553","0,349524","60,166667",0,"0,299523","0,010378",0,26,3,0,0,"0,013633",7,"0,3"
64,Familiarizado,9,"0,83",Recurrence Api,8,"0,67",1,3,4,1,3,4,6,"0,284553","0,349524","60,166667",0,"0,299523","0,010378",0,26,3,0,0,"0,013633",12,3
65,Muito familiarizado,3,"0,22",Command Processor,5,"0,38",1,2,3,1,2,3,8,"0,202381","0,269748","87,833333",0,"0,035352","0,027275",0,22,3,0,0,"0,200919",10,1
66,Pouco familiarizado,10,"1,00",Command Processor,10,"1,00",1,2,3,1,2,3,8,"0,202381","0,269748","87,833333",0,"0,035352","0,027275",0,22,3,0,0,"0,200919","0,25","0,25"
67,Pouco familiarizado,8,"0,71",Command Processor,9,"0,86",1,2,3,1,2,3,8,"0,202381","0,269748","87,833333",0,"0,035352","0,027275",0,22,3,0,0,"0,200919",12,1
68,Familiarizado,10,"1,00",Command Processor,8,"0,80",1,2,3,1,2,3,8,"0,202381","0,269748","87,833333",0,"0,035352","0,027275",0,22,3,0,0,"0,200919",3,"1,65"
69,Muito familiarizado,8,"0,67",Command Processor,7,"0,67",1,2,3,1,2,3,8,"0,202381","0,269748","87,833333",0,"0,035352","0,027275",0,22,3,0,0,"0,200919",3,2
70,Pouco familiarizado,6,"0,00",Command Processor,6,"0,00",1,2,3,1,2,3,8,"0,202381","0,269748","87,833333",0,"0,035352","0,027275",0,22,3,0,0,"0,200919",5,2
71,Pouco familiarizado,5,"0,00",Command Processor,7,"0,00",1,2,3,1,2,3,8,"0,202381","0,269748","87,833333",0,"0,035352","0,027275",0,22,3,0,0,"0,200919",7,"0,3"
72,Familiarizado,10,"1,00",Command Processor,9,"0,83",1,2,3,1,2,3,8,"0,202381","0,269748","87,833333",0,"0,035352","0,027275",0,22,3,0,0,"0,200919",12,3
73,Muito familiarizado,1,"0,00",Recurrences Db,9,"0,88",2,0,2,2,0,2,0,0,0,0,"0,103481",0,"0,021004",0,14,3,0,0,"0,113604",10,1
74,Pouco familiarizado,10,"1,00",Recurrences Db,10,"1,00",2,0,2,2,0,2,0,0,0,0,"0,103481",0,"0,021004",0,14,3,0,0,"0,113604","0,25","0,25"
75,Pouco familiarizado,8,"0,71",Recurrences Db,9,"0,86",2,0,2,2,0,2,0,0,0,0,"0,103481",0,"0,021004",0,14,3,0,0,"0,113604",12,1
76,Familiarizado,10,"1,00",Recurrences Db,6,"0,40",2,0,2,2,0,2,0,0,0,0,"0,103481",0,"0,021004",0,14,3,0,0,"0,113604",3,"1,65"
77,Muito familiarizado,8,"0,67",Recurrences Db,3,"0,22",2,0,2,2,0,2,0,0,0,0,"0,103481",0,"0,021004",0,14,3,0,0,"0,113604",3,2
78,Pouco familiarizado,8,"0,50",Recurrences Db,8,"0,50",2,0,2,2,0,2,0,0,0,0,"0,103481",0,"0,021004",0,14,3,0,0,"0,113604",5,2
79,Familiarizado,10,"1,00",Recurrences Db,10,"1,00",2,0,2,2,0,2,0,0,0,0,"0,103481",0,"0,021004",0,14,3,0,0,"0,113604",7,"0,3"
80,Pouco familiarizado,7,"0,50",Recurrences Db,8,"0,67",2,0,2,2,0,2,0,0,0,0,"0,103481",0,"0,021004",0,14,3,0,0,"0,113604",12,3
81,Muito familiarizado,7,"0,67",Charge Processor,3,"0,13",1,1,2,1,1,2,7,"0,234483","0,302171","69,333333","0,010924","0,000919","0,018064",0,22,3,0,0,"0,092418",10,1
82,Pouco familiarizado,10,"1,00",Charge Processor,10,"1,00",1,1,2,1,1,2,7,"0,234483","0,302171","69,333333","0,010924","0,000919","0,018064",0,22,3,0,0,"0,092418","0,25","0,25"
83,Pouco familiarizado,9,"0,86",Charge Processor,9,"0,86",1,1,2,1,1,2,7,"0,234483","0,302171","69,333333","0,010924","0,000919","0,018064",0,22,3,0,0,"0,092418",12,1
84,Familiarizado,10,"1,00",Charge Processor,8,"0,80",1,1,2,1,1,2,7,"0,234483","0,302171","69,333333","0,010924","0,000919","0,018064",0,22,3,0,0,"0,092418",3,"1,65"
85,Muito familiarizado,8,"0,67",Charge Processor,7,"0,67",1,1,2,1,1,2,7,"0,234483","0,302171","69,333333","0,010924","0,000919","0,018064",0,22,3,0,0,"0,092418",3,2
86,Pouco familiarizado,6,"0,00",Charge Processor,7,"0,25",1,1,2,1,1,2,7,"0,234483","0,302171","69,333333","0,010924","0,000919","0,018064",0,22,3,0,0,"0,092418",5,2
87,Pouco familiarizado,9,"0,80",Charge Processor,10,"1,00",1,1,2,1,1,2,7,"0,234483","0,302171","69,333333","0,010924","0,000919","0,018064",0,22,3,0,0,"0,092418",7,"0,3"
88,Familiarizado,10,"1,00",Charge Processor,10,"1,00",1,1,2,1,1,2,7,"0,234483","0,302171","69,333333","0,010924","0,000919","0,018064",0,22,3,0,0,"0,092418",12,3
89,Muito familiarizado,4,"0,33",Legacy Charges,9,"0,88",1,0,1,1,0,1,0,0,0,0,0,0,"0,010378",0,25,3,0,0,"0,013633",10,1
90,Pouco familiarizado,10,"1,00",Legacy Charges,10,"1,00",1,0,1,1,0,1,0,0,0,0,0,0,"0,010378",0,25,3,0,0,"0,013633","0,25","0,25"
91,Pouco familiarizado,7,"0,57",Legacy Charges,7,"0,57",1,0,1,1,0,1,0,0,0,0,0,0,"0,010378",0,25,3,0,0,"0,013633",12,1
92,Familiarizado,6,"0,43",Legacy Charges,5,"0,20",1,0,1,1,0,1,0,0,0,0,0,0,"0,010378",0,25,3,0,0,"0,013633",3,"1,65"
93,Pouco familiarizado,5,"0,17",Legacy Charges,10,"1,00",1,0,1,1,0,1,0,0,0,0,0,0,"0,010378",0,25,3,0,0,"0,013633",3,2
94,Familiarizado,6,"0,00",Legacy Charges,7,"0,25",1,0,1,1,0,1,0,0,0,0,0,0,"0,010378",0,25,3,0,0,"0,013633",5,2
95,Pouco familiarizado,10,"1,00",Legacy Charges,10,"1,00",1,0,1,1,0,1,0,0,0,0,0,0,"0,010378",0,25,3,0,0,"0,013633",7,"0,3"
96,Familiarizado,5,"0,17",Legacy Charges,8,"0,67",1,0,1,1,0,1,0,0,0,0,0,0,"0,010378",0,25,3,0,0,"0,013633",12,3
97,Muito familiarizado,10,"1,00",Payment Link Frontend,5,"0,38",1,4,5,1,4,5,6,"0,284722","0,382927","57,166667",0,"0,006761","0,010378",0,34,4,0,0,"0,013633",10,1
98,Familiarizado,10,"1,00",Payment Link Frontend,10,"1,00",1,4,5,1,4,5,6,"0,284722","0,382927","57,166667",0,"0,006761","0,010378",0,34,4,0,0,"0,013633","0,25","0,25"
99,Muito familiarizado,4,"0,14",Payment Link Frontend,3,"0,00",1,4,5,1,4,5,6,"0,284722","0,382927","57,166667",0,"0,006761","0,010378",0,34,4,0,0,"0,013633",12,1
100,Pouco familiarizado,6,"0,43",Payment Link Frontend,7,"0,60",1,4,5,1,4,5,6,"0,284722","0,382927","57,166667",0,"0,006761","0,010378",0,34,4,0,0,"0,013633",3,"1,65"
101,Familiarizado,7,"0,50",Payment Link Frontend,3,"0,22",1,4,5,1,4,5,6,"0,284722","0,382927","57,166667",0,"0,006761","0,010378",0,34,4,0,0,"0,013633",3,2
102,Pouco familiarizado,7,"0,25",Payment Link Frontend,7,"0,25",1,4,5,1,4,5,6,"0,284722","0,382927","57,166667",0,"0,006761","0,010378",0,34,4,0,0,"0,013633",5,2
103,Pouco familiarizado,9,"0,80",Payment Link Frontend,9,"0,67",1,4,5,1,4,5,6,"0,284722","0,382927","57,166667",0,"0,006761","0,010378",0,34,4,0,0,"0,013633",7,"0,3"
104,Pouco familiarizado,4,"0,00",Payment Link Frontend,7,"0,50",1,4,5,1,4,5,6,"0,284722","0,382927","57,166667",0,"0,006761","0,010378",0,34,4,0,0,"0,013633",12,3
105,Muito familiarizado,2,"0,11",Payment Link Vitrine,5,"0,38",1,3,4,1,3,4,2,"0,8","0,875",4,0,"0,076251","0,00921",0,31,4,0,0,"0,004907",10,1
106,Pouco familiarizado,10,"1,00",Payment Link Vitrine,10,"1,00",1,3,4,1,3,4,2,"0,8","0,875",4,0,"0,076251","0,00921",0,31,4,0,0,"0,004907","0,25","0,25"
107,Muito familiarizado,3,"0,00",Payment Link Vitrine,5,"0,29",1,3,4,1,3,4,2,"0,8","0,875",4,0,"0,076251","0,00921",0,31,4,0,0,"0,004907",12,1
108,Pouco familiarizado,6,"0,43",Payment Link Vitrine,7,"0,60",1,3,4,1,3,4,2,"0,8","0,875",4,0,"0,076251","0,00921",0,31,4,0,0,"0,004907",3,"1,65"
109,Familiarizado,7,"0,50",Payment Link Vitrine,6,"0,56",1,3,4,1,3,4,2,"0,8","0,875",4,0,"0,076251","0,00921",0,31,4,0,0,"0,004907",3,2
110,Pouco familiarizado,7,"0,25",Payment Link Vitrine,7,"0,25",1,3,4,1,3,4,2,"0,8","0,875",4,0,"0,076251","0,00921",0,31,4,0,0,"0,004907",5,2
111,Pouco familiarizado,9,"0,80",Payment Link Vitrine,9,"0,67",1,3,4,1,3,4,2,"0,8","0,875",4,0,"0,076251","0,00921",0,31,4,0,0,"0,004907",7,"0,3"
112,Pouco familiarizado,4,"0,00",Payment Link Vitrine,7,"0,50",1,3,4,1,3,4,2,"0,8","0,875",4,0,"0,076251","0,00921",0,31,4,0,0,"0,004907",12,3
113,Muito familiarizado,8,"0,78",Payment Link Updater,9,"0,88",1,1,2,1,1,2,1,1,1,26,0,0,"0,019818",0,12,2,0,0,"0,084864",10,1
114,Pouco familiarizado,10,"1,00",Payment Link Updater,10,"1,00",1,1,2,1,1,2,1,1,1,26,0,0,"0,019818",0,12,2,0,0,"0,084864","0,25","0,25"
115,Muito familiarizado,5,"0,29",Payment Link Updater,5,"0,29",1,1,2,1,1,2,1,1,1,26,0,0,"0,019818",0,12,2,0,0,"0,084864",12,1
116,Pouco familiarizado,8,"0,71",Payment Link Updater,7,"0,60",1,1,2,1,1,2,1,1,1,26,0,0,"0,019818",0,12,2,0,0,"0,084864",3,"1,65"
117,Familiarizado,7,"0,50",Payment Link Updater,3,"0,22",1,1,2,1,1,2,1,1,1,26,0,0,"0,019818",0,12,2,0,0,"0,084864",3,2
118,Pouco familiarizado,7,"0,25",Payment Link Updater,7,"0,25",1,1,2,1,1,2,1,1,1,26,0,0,"0,019818",0,12,2,0,0,"0,084864",5,2
119,Pouco familiarizado,9,"0,80",Payment Link Updater,9,"0,67",1,1,2,1,1,2,1,1,1,26,0,0,"0,019818",0,12,2,0,0,"0,084864",7,"0,3"
120,Familiarizado,6,"0,33",Payment Link Updater,7,"0,50",1,1,2,1,1,2,1,1,1,26,0,0,"0,019818",0,12,2,0,0,"0,084864",12,3
121,Muito familiarizado,4,"0,33",Payment Link Status Updater,8,"0,75",1,1,2,1,1,2,1,1,1,1,"0,002089",0,"0,008669",0,32,4,0,0,"0,021187",10,1
122,Pouco familiarizado,10,"1,00",Payment Link Status Updater,10,"1,00",1,1,2,1,1,2,1,1,1,1,"0,002089",0,"0,008669",0,32,4,0,0,"0,021187","0,25","0,25"
123,Muito familiarizado,5,"0,29",Payment Link Status Updater,5,"0,29",1,1,2,1,1,2,1,1,1,1,"0,002089",0,"0,008669",0,32,4,0,0,"0,021187",12,1
124,Pouco familiarizado,7,"0,57",Payment Link Status Updater,7,"0,60",1,1,2,1,1,2,1,1,1,1,"0,002089",0,"0,008669",0,32,4,0,0,"0,021187",3,"1,65"
125,Familiarizado,7,"0,50",Payment Link Status Updater,3,"0,22",1,1,2,1,1,2,1,1,1,1,"0,002089",0,"0,008669",0,32,4,0,0,"0,021187",3,2
126,Pouco familiarizado,7,"0,25",Payment Link Status Updater,7,"0,25",1,1,2,1,1,2,1,1,1,1,"0,002089",0,"0,008669",0,32,4,0,0,"0,021187",5,2
127,Pouco familiarizado,9,"0,80",Payment Link Status Updater,9,"0,67",1,1,2,1,1,2,1,1,1,1,"0,002089",0,"0,008669",0,32,4,0,0,"0,021187",7,"0,3"
128,Familiarizado,6,"0,33",Payment Link Status Updater,7,"0,50",1,1,2,1,1,2,1,1,1,1,"0,002089",0,"0,008669",0,32,4,0,0,"0,021187",12,3
129,Muito familiarizado,6,"0,56",Payment Link Finder,5,"0,38",1,1,2,1,1,2,1,1,1,1,"0,002089",0,"0,008669",0,33,4,0,0,"0,021187",10,1
130,Pouco familiarizado,10,"1,00",Payment Link Finder,10,"1,00",1,1,2,1,1,2,1,1,1,1,"0,002089",0,"0,008669",0,33,4,0,0,"0,021187","0,25","0,25"
131,Muito familiarizado,3,"0,00",Payment Link Finder,5,"0,29",1,1,2,1,1,2,1,1,1,1,"0,002089",0,"0,008669",0,33,4,0,0,"0,021187",12,1
132,Pouco familiarizado,8,"0,71",Payment Link Finder,7,"0,60",1,1,2,1,1,2,1,1,1,1,"0,002089",0,"0,008669",0,33,4,0,0,"0,021187",3,"1,65"
133,Familiarizado,7,"0,50",Payment Link Finder,3,"0,22",1,1,2,1,1,2,1,1,1,1,"0,002089",0,"0,008669",0,33,4,0,0,"0,021187",3,2
134,Pouco familiarizado,7,"0,25",Payment Link Finder,7,"0,25",1,1,2,1,1,2,1,1,1,1,"0,002089",0,"0,008669",0,33,4,0,0,"0,021187",5,2
135,Pouco familiarizado,9,"0,80",Payment Link Finder,9,"0,67",1,1,2,1,1,2,1,1,1,1,"0,002089",0,"0,008669",0,33,4,0,0,"0,021187",7,"0,3"
136,Familiarizado,6,"0,33",Payment Link Finder,7,"0,50",1,1,2,1,1,2,1,1,1,1,"0,002089",0,"0,008669",0,33,4,0,0,"0,021187",12,3
137,Muito familiarizado,4,"0,33",Payment Link Builder,10,"1,00",1,1,2,1,1,2,1,1,1,2,"0,023563",0,"0,009073",0,29,4,0,0,"0,013633",10,1
138,Pouco familiarizado,10,"1,00",Payment Link Builder,10,"1,00",1,1,2,1,1,2,1,1,1,2,"0,023563",0,"0,009073",0,29,4,0,0,"0,013633","0,25","0,25"
139,Muito familiarizado,5,"0,29",Payment Link Builder,5,"0,29",1,1,2,1,1,2,1,1,1,2,"0,023563",0,"0,009073",0,29,4,0,0,"0,013633",12,1
140,Pouco familiarizado,7,"0,57",Payment Link Builder,7,"0,60",1,1,2,1,1,2,1,1,1,2,"0,023563",0,"0,009073",0,29,4,0,0,"0,013633",3,"1,65"
141,Familiarizado,7,"0,50",Payment Link Builder,3,"0,22",1,1,2,1,1,2,1,1,1,2,"0,023563",0,"0,009073",0,29,4,0,0,"0,013633",3,2
142,Pouco familiarizado,6,"0,00",Payment Link Builder,6,"0,00",1,1,2,1,1,2,1,1,1,2,"0,023563",0,"0,009073",0,29,4,0,0,"0,013633",5,2
143,Pouco familiarizado,9,"0,80",Payment Link Builder,9,"0,67",1,1,2,1,1,2,1,1,1,2,"0,023563",0,"0,009073",0,29,4,0,0,"0,013633",7,"0,3"
144,Familiarizado,6,"0,33",Payment Link Builder,7,"0,50",1,1,2,1,1,2,1,1,1,2,"0,023563",0,"0,009073",0,29,4,0,0,"0,013633",12,3
145,Muito familiarizado,6,"0,56",Payment Link Database,5,"0,38",4,0,4,4,0,4,0,0,0,0,0,0,"0,045745",0,11,4,0,0,"0,116961",10,1
146,Pouco familiarizado,10,"1,00",Payment Link Database,10,"1,00",4,0,4,4,0,4,0,0,0,0,0,0,"0,045745",0,11,4,0,0,"0,116961","0,25","0,25"
147,Muito familiarizado,5,"0,29",Payment Link Database,5,"0,29",4,0,4,4,0,4,0,0,0,0,0,0,"0,045745",0,11,4,0,0,"0,116961",12,1
148,Pouco familiarizado,10,"1,00",Payment Link Database,5,"0,20",4,0,4,4,0,4,0,0,0,0,0,0,"0,045745",0,11,4,0,0,"0,116961",3,"1,65"
149,Familiarizado,7,"0,50",Payment Link Database,3,"0,22",4,0,4,4,0,4,0,0,0,0,0,0,"0,045745",0,11,4,0,0,"0,116961",3,2
150,Pouco familiarizado,8,"0,50",Payment Link Database,6,"0,00",4,0,4,4,0,4,0,0,0,0,0,0,"0,045745",0,11,4,0,0,"0,116961",5,2
151,Pouco familiarizado,9,"0,80",Payment Link Database,9,"0,67",4,0,4,4,0,4,0,0,0,0,0,0,"0,045745",0,11,4,0,0,"0,116961",7,"0,3"
152,Familiarizado,6,"0,33",Payment Link Database,7,"0,50",4,0,4,4,0,4,0,0,0,0,0,0,"0,045745",0,11,4,0,0,"0,116961",12,3
153,Muito familiarizado,9,"0,89",Event Bus Adapter,7,"0,63",1,1,2,1,1,2,9,"0,175","0,2372",0,"0,038834","0,11367","0,00921",0,37,5,0,"0,5","0,004907",10,1
154,Pouco familiarizado,10,"1,00",Event Bus Adapter,10,"1,00",1,1,2,1,1,2,9,"0,175","0,2372",0,"0,038834","0,11367","0,00921",0,37,5,0,"0,5","0,004907","0,25","0,25"
155,Familiarizado,7,"0,57",Event Bus Adapter,7,"0,57",1,1,2,1,1,2,9,"0,175","0,2372",0,"0,038834","0,11367","0,00921",0,37,5,0,"0,5","0,004907",12,1
156,Familiarizado,3,"0,00",Event Bus Adapter,4,"0,00",1,1,2,1,1,2,9,"0,175","0,2372",0,"0,038834","0,11367","0,00921",0,37,5,0,"0,5","0,004907",3,"1,65"
157,Pouco familiarizado,4,"0,00",Event Bus Adapter,1,"0,00",1,1,2,1,1,2,9,"0,175","0,2372",0,"0,038834","0,11367","0,00921",0,37,5,0,"0,5","0,004907",3,2
158,Familiarizado,8,"0,50",Event Bus Adapter,7,"0,25",1,1,2,1,1,2,9,"0,175","0,2372",0,"0,038834","0,11367","0,00921",0,37,5,0,"0,5","0,004907",5,2
159,Pouco familiarizado,8,"0,60",Event Bus Adapter,8,"0,33",1,1,2,1,1,2,9,"0,175","0,2372",0,"0,038834","0,11367","0,00921",0,37,5,0,"0,5","0,004907",7,"0,3"
160,Familiarizado,8,"0,67",Event Bus Adapter,10,"1,00",1,1,2,1,1,2,9,"0,175","0,2372",0,"0,038834","0,11367","0,00921",0,37,5,0,"0,5","0,004907",12,3
161,Muito familiarizado,3,"0,22",Iugu Postback,5,"0,38",1,3,4,1,3,4,7,"0,236111","0,326401",232,0,"0,381283","0,031768",0,22,1,0,0,"0,490676",10,1
162,Pouco familiarizado,10,"1,00",Iugu Postback,10,"1,00",1,3,4,1,3,4,7,"0,236111","0,326401",232,0,"0,381283","0,031768",0,22,1,0,0,"0,490676","0,25","0,25"
163,Muito familiarizado,7,"0,57",Iugu Postback,7,"0,57",1,3,4,1,3,4,7,"0,236111","0,326401",232,0,"0,381283","0,031768",0,22,1,0,0,"0,490676",12,1
164,Muito familiarizado,8,"0,71",Iugu Postback,7,"0,60",1,3,4,1,3,4,7,"0,236111","0,326401",232,0,"0,381283","0,031768",0,22,1,0,0,"0,490676",3,"1,65"
165,Familiarizado,6,"0,33",Iugu Postback,1,"0,00",1,3,4,1,3,4,7,"0,236111","0,326401",232,0,"0,381283","0,031768",0,22,1,0,0,"0,490676",3,2
166,Familiarizado,8,"0,50",Iugu Postback,8,"0,50",1,3,4,1,3,4,7,"0,236111","0,326401",232,0,"0,381283","0,031768",0,22,1,0,0,"0,490676",5,2
167,Familiarizado,10,"1,00",Iugu Postback,10,"1,00",1,3,4,1,3,4,7,"0,236111","0,326401",232,0,"0,381283","0,031768",0,22,1,0,0,"0,490676",7,"0,3"
168,Familiarizado,9,"0,83",Iugu Postback,8,"0,67",1,3,4,1,3,4,7,"0,236111","0,326401",232,0,"0,381283","0,031768",0,22,1,0,0,"0,490676",12,3
169,Muito familiarizado,4,"0,33",Financial Events,3,"0,13",1,6,7,1,6,7,7,"0,248175","0,390126",185,0,"0,569788","0,014419",0,22,5,0,0,"0,175086",10,1
170,Pouco familiarizado,10,"1,00",Financial Events,10,"1,00",1,6,7,1,6,7,7,"0,248175","0,390126",185,0,"0,569788","0,014419",0,22,5,0,0,"0,175086","0,25","0,25"
171,Familiarizado,7,"0,57",Financial Events,7,"0,57",1,6,7,1,6,7,7,"0,248175","0,390126",185,0,"0,569788","0,014419",0,22,5,0,0,"0,175086",12,1
172,Muito familiarizado,6,"0,43",Financial Events,8,"0,80",1,6,7,1,6,7,7,"0,248175","0,390126",185,0,"0,569788","0,014419",0,22,5,0,0,"0,175086",3,"1,65"
173,Muito familiarizado,6,"0,33",Financial Events,7,"0,67",1,6,7,1,6,7,7,"0,248175","0,390126",185,0,"0,569788","0,014419",0,22,5,0,0,"0,175086",3,2
174,Familiarizado,7,"0,25",Financial Events,7,"0,25",1,6,7,1,6,7,7,"0,248175","0,390126",185,0,"0,569788","0,014419",0,22,5,0,0,"0,175086",5,2
175,Familiarizado,10,"1,00",Financial Events,10,"1,00",1,6,7,1,6,7,7,"0,248175","0,390126",185,0,"0,569788","0,014419",0,22,5,0,0,"0,175086",7,"0,3"
176,Familiarizado,8,"0,67",Financial Events,8,"0,67",1,6,7,1,6,7,7,"0,248175","0,390126",185,0,"0,569788","0,014419",0,22,5,0,0,"0,175086",12,3
177,Muito familiarizado,8,"0,78",Adn Credit Card Adapter,7,"0,63",1,1,2,1,1,2,1,1,1,"13,5",0,0,"0,014419",0,21,5,0,0,"0,175086",10,1
178,Pouco familiarizado,10,"1,00",Adn Credit Card Adapter,10,"1,00",1,1,2,1,1,2,1,1,1,"13,5",0,0,"0,014419",0,21,5,0,0,"0,175086","0,25","0,25"
179,Familiarizado,7,"0,57",Adn Credit Card Adapter,7,"0,57",1,1,2,1,1,2,1,1,1,"13,5",0,0,"0,014419",0,21,5,0,0,"0,175086",12,1
180,Muito familiarizado,6,"0,43",Adn Credit Card Adapter,8,"0,80",1,1,2,1,1,2,1,1,1,"13,5",0,0,"0,014419",0,21,5,0,0,"0,175086",3,"1,65"
181,Muito familiarizado,6,"0,33",Adn Credit Card Adapter,5,"0,44",1,1,2,1,1,2,1,1,1,"13,5",0,0,"0,014419",0,21,5,0,0,"0,175086",3,2
182,Familiarizado,8,"0,50",Adn Credit Card Adapter,8,"0,50",1,1,2,1,1,2,1,1,1,"13,5",0,0,"0,014419",0,21,5,0,0,"0,175086",5,2
183,Familiarizado,10,"1,00",Adn Credit Card Adapter,10,"1,00",1,1,2,1,1,2,1,1,1,"13,5",0,0,"0,014419",0,21,5,0,0,"0,175086",7,"0,3"
184,Familiarizado,8,"0,67",Adn Credit Card Adapter,8,"0,67",1,1,2,1,1,2,1,1,1,"13,5",0,0,"0,014419",0,21,5,0,0,"0,175086",12,3
185,Muito familiarizado,4,"0,33",(novo) Adn Adapter,6,"0,50",1,1,2,1,1,2,1,1,1,"13,5",0,0,"0,014419",0,20,5,0,0,"0,175086",10,1
186,Pouco familiarizado,10,"1,00",(novo) Adn Adapter,10,"1,00",1,1,2,1,1,2,1,1,1,"13,5",0,0,"0,014419",0,20,5,0,0,"0,175086","0,25","0,25"
187,Pouco familiarizado,7,"0,57",(novo) Adn Adapter,7,"0,57",1,1,2,1,1,2,1,1,1,"13,5",0,0,"0,014419",0,20,5,0,0,"0,175086",12,1
188,Familiarizado,6,"0,43",(novo) Adn Adapter,8,"0,80",1,1,2,1,1,2,1,1,1,"13,5",0,0,"0,014419",0,20,5,0,0,"0,175086",3,"1,65"
189,Familiarizado,6,"0,33",(novo) Adn Adapter,3,"0,22",1,1,2,1,1,2,1,1,1,"13,5",0,0,"0,014419",0,20,5,0,0,"0,175086",3,2
190,Familiarizado,8,"0,50",(novo) Adn Adapter,8,"0,50",1,1,2,1,1,2,1,1,1,"13,5",0,0,"0,014419",0,20,5,0,0,"0,175086",5,2
191,Familiarizado,10,"1,00",(novo) Adn Adapter,10,"1,00",1,1,2,1,1,2,1,1,1,"13,5",0,0,"0,014419",0,20,5,0,0,"0,175086",7,"0,3"
192,Familiarizado,8,"0,67",(novo) Adn Adapter,8,"0,67",1,1,2,1,1,2,1,1,1,"13,5",0,0,"0,014419",0,20,5,0,0,"0,175086",12,3
193,Muito familiarizado,4,"0,33",RDS Financial Events Database,4,"0,25",1,0,1,1,0,1,0,0,0,0,"0,176071",0,"0,008507",0,15,5,0,0,"0,093385",10,1
194,Pouco familiarizado,10,"1,00",RDS Financial Events Database,10,"1,00",1,0,1,1,0,1,0,0,0,0,"0,176071",0,"0,008507",0,15,5,0,0,"0,093385","0,25","0,25"
195,Familiarizado,7,"0,57",RDS Financial Events Database,7,"0,57",1,0,1,1,0,1,0,0,0,0,"0,176071",0,"0,008507",0,15,5,0,0,"0,093385",12,1
196,Familiarizado,7,"0,57",RDS Financial Events Database,6,"0,40",1,0,1,1,0,1,0,0,0,0,"0,176071",0,"0,008507",0,15,5,0,0,"0,093385",3,"1,65"
197,Familiarizado,6,"0,33",RDS Financial Events Database,3,"0,22",1,0,1,1,0,1,0,0,0,0,"0,176071",0,"0,008507",0,15,5,0,0,"0,093385",3,2
198,Familiarizado,8,"0,50",RDS Financial Events Database,8,"0,50",1,0,1,1,0,1,0,0,0,0,"0,176071",0,"0,008507",0,15,5,0,0,"0,093385",5,2
199,Pouco familiarizado,9,"0,80",RDS Financial Events Database,10,"1,00",1,0,1,1,0,1,0,0,0,0,"0,176071",0,"0,008507",0,15,5,0,0,"0,093385",7,"0,3"
200,Muito familiarizado,7,"0,50",RDS Financial Events Database,8,"0,67",1,0,1,1,0,1,0,0,0,0,"0,176071",0,"0,008507",0,15,5,0,0,"0,093385",12,3
201,Muito familiarizado,8,"0,78",Adn Google Adapter,9,"0,88",1,1,2,1,1,2,1,1,1,1,"0,176071",0,"0,008507",0,17,5,0,0,"0,093385",10,1
202,Pouco familiarizado,10,"1,00",Adn Google Adapter,10,"1,00",1,1,2,1,1,2,1,1,1,1,"0,176071",0,"0,008507",0,17,5,0,0,"0,093385","0,25","0,25"
203,Familiarizado,6,"0,43",Adn Google Adapter,7,"0,57",1,1,2,1,1,2,1,1,1,1,"0,176071",0,"0,008507",0,17,5,0,0,"0,093385",12,1
204,Muito familiarizado,6,"0,43",Adn Google Adapter,7,"0,60",1,1,2,1,1,2,1,1,1,1,"0,176071",0,"0,008507",0,17,5,0,0,"0,093385",3,"1,65"
205,Muito familiarizado,6,"0,33",Adn Google Adapter,2,"0,11",1,1,2,1,1,2,1,1,1,1,"0,176071",0,"0,008507",0,17,5,0,0,"0,093385",3,2
206,Familiarizado,6,"0,00",Adn Google Adapter,6,"0,00",1,1,2,1,1,2,1,1,1,1,"0,176071",0,"0,008507",0,17,5,0,0,"0,093385",5,2
207,Pouco familiarizado,9,"0,80",Adn Google Adapter,10,"1,00",1,1,2,1,1,2,1,1,1,1,"0,176071",0,"0,008507",0,17,5,0,0,"0,093385",7,"0,3"
208,Familiarizado,7,"0,50",Adn Google Adapter,5,"0,17",1,1,2,1,1,2,1,1,1,1,"0,176071",0,"0,008507",0,17,5,0,0,"0,093385",12,3
209,Muito familiarizado,3,"0,22",Integrador Financeiro,9,"0,88",4,0,4,4,0,4,0,0,0,0,0,0,"0,043707",0,16,5,0,0,"0,245253",10,1
210,Pouco familiarizado,10,"1,00",Integrador Financeiro,10,"1,00",4,0,4,4,0,4,0,0,0,0,0,0,"0,043707",0,16,5,0,0,"0,245253","0,25","0,25"
211,Muito familiarizado,8,"0,71",Integrador Financeiro,8,"0,71",4,0,4,4,0,4,0,0,0,0,0,0,"0,043707",0,16,5,0,0,"0,245253",12,1
212,Familiarizado,10,"1,00",Integrador Financeiro,6,"0,40",4,0,4,4,0,4,0,0,0,0,0,0,"0,043707",0,16,5,0,0,"0,245253",3,"1,65"
213,Familiarizado,9,"0,83",Integrador Financeiro,7,"0,67",4,0,4,4,0,4,0,0,0,0,0,0,"0,043707",0,16,5,0,0,"0,245253",3,2
214,Muito familiarizado,10,"1,00",Integrador Financeiro,10,"1,00",4,0,4,4,0,4,0,0,0,0,0,0,"0,043707",0,16,5,0,0,"0,245253",5,2
215,Pouco familiarizado,10,"1,00",Integrador Financeiro,10,"1,00",4,0,4,4,0,4,0,0,0,0,0,0,"0,043707",0,16,5,0,0,"0,245253",7,"0,3"
216,Muito familiarizado,7,"0,50",Integrador Financeiro,8,"0,67",4,0,4,4,0,4,0,0,0,0,0,0,"0,043707",0,16,5,0,0,"0,245253",12,3
217,Muito familiarizado,7,"0,67",Billing Api,10,"1,00",4,7,11,4,7,11,6,"0,293103","0,439706",448,"0,002975","0,20397","0,048695",0,22,6,0,0,"0,209891",10,1
218,Pouco familiarizado,10,"1,00",Billing Api,10,"1,00",4,7,11,4,7,11,6,"0,293103","0,439706",448,"0,002975","0,20397","0,048695",0,22,6,0,0,"0,209891","0,25","0,25"
219,Muito familiarizado,9,"0,86",Billing Api,9,"0,86",4,7,11,4,7,11,6,"0,293103","0,439706",448,"0,002975","0,20397","0,048695",0,22,6,0,0,"0,209891",12,1
220,Muito familiarizado,10,"1,00",Billing Api,9,"1,00",4,7,11,4,7,11,6,"0,293103","0,439706",448,"0,002975","0,20397","0,048695",0,22,6,0,0,"0,209891",3,"1,65"
221,Muito familiarizado,10,"1,00",Billing Api,7,"0,67",4,7,11,4,7,11,6,"0,293103","0,439706",448,"0,002975","0,20397","0,048695",0,22,6,0,0,"0,209891",3,2
222,Familiarizado,10,"1,00",Billing Api,10,"1,00",4,7,11,4,7,11,6,"0,293103","0,439706",448,"0,002975","0,20397","0,048695",0,22,6,0,0,"0,209891",5,2
223,Familiarizado,10,"1,00",Billing Api,10,"1,00",4,7,11,4,7,11,6,"0,293103","0,439706",448,"0,002975","0,20397","0,048695",0,22,6,0,0,"0,209891",7,"0,3"
224,Familiarizado,10,"1,00",Billing Api,10,"1,00",4,7,11,4,7,11,6,"0,293103","0,439706",448,"0,002975","0,20397","0,048695",0,22,6,0,0,"0,209891",12,3
225,Muito familiarizado,3,"0,22",User Subscription Handler,4,"0,25",1,1,2,1,1,2,7,"0,2125","0,255322",48,"0,063029","0,231204","0,012377",0,22,6,0,0,"0,137921",10,1
226,Pouco familiarizado,10,"1,00",User Subscription Handler,10,"1,00",1,1,2,1,1,2,7,"0,2125","0,255322",48,"0,063029","0,231204","0,012377",0,22,6,0,0,"0,137921","0,25","0,25"
227,Familiarizado,7,"0,57",User Subscription Handler,9,"0,86",1,1,2,1,1,2,7,"0,2125","0,255322",48,"0,063029","0,231204","0,012377",0,22,6,0,0,"0,137921",12,1
228,Familiarizado,10,"1,00",User Subscription Handler,8,"0,80",1,1,2,1,1,2,7,"0,2125","0,255322",48,"0,063029","0,231204","0,012377",0,22,6,0,0,"0,137921",3,"1,65"
229,Muito familiarizado,9,"0,83",User Subscription Handler,4,"0,33",1,1,2,1,1,2,7,"0,2125","0,255322",48,"0,063029","0,231204","0,012377",0,22,6,0,0,"0,137921",3,2
230,Familiarizado,7,"0,25",User Subscription Handler,7,"0,25",1,1,2,1,1,2,7,"0,2125","0,255322",48,"0,063029","0,231204","0,012377",0,22,6,0,0,"0,137921",5,2
231,Pouco familiarizado,8,"0,60",User Subscription Handler,9,"0,67",1,1,2,1,1,2,7,"0,2125","0,255322",48,"0,063029","0,231204","0,012377",0,22,6,0,0,"0,137921",7,"0,3"
232,Pouco familiarizado,7,"0,50",User Subscription Handler,4,"0,00",1,1,2,1,1,2,7,"0,2125","0,255322",48,"0,063029","0,231204","0,012377",0,22,6,0,0,"0,137921",12,3
233,Muito familiarizado,4,"0,33",User Creation Handler,7,"0,63",1,1,2,1,1,2,7,"0,2125","0,255322",48,"0,063029","0,231204","0,012377",0,22,1,0,0,"0,137921",10,1
234,Pouco familiarizado,10,"1,00",User Creation Handler,10,"1,00",1,1,2,1,1,2,7,"0,2125","0,255322",48,"0,063029","0,231204","0,012377",0,22,1,0,0,"0,137921","0,25","0,25"
235,Familiarizado,7,"0,57",User Creation Handler,9,"0,86",1,1,2,1,1,2,7,"0,2125","0,255322",48,"0,063029","0,231204","0,012377",0,22,1,0,0,"0,137921",12,1
236,Muito familiarizado,10,"1,00",User Creation Handler,8,"0,80",1,1,2,1,1,2,7,"0,2125","0,255322",48,"0,063029","0,231204","0,012377",0,22,1,0,0,"0,137921",3,"1,65"
237,Muito familiarizado,9,"0,83",User Creation Handler,4,"0,33",1,1,2,1,1,2,7,"0,2125","0,255322",48,"0,063029","0,231204","0,012377",0,22,1,0,0,"0,137921",3,2
238,Familiarizado,6,"0,00",User Creation Handler,7,"0,25",1,1,2,1,1,2,7,"0,2125","0,255322",48,"0,063029","0,231204","0,012377",0,22,1,0,0,"0,137921",5,2
239,Pouco familiarizado,8,"0,60",User Creation Handler,9,"0,67",1,1,2,1,1,2,7,"0,2125","0,255322",48,"0,063029","0,231204","0,012377",0,22,1,0,0,"0,137921",7,"0,3"
240,Pouco familiarizado,6,"0,33",User Creation Handler,4,"0,00",1,1,2,1,1,2,7,"0,2125","0,255322",48,"0,063029","0,231204","0,012377",0,22,1,0,0,"0,137921",12,3
241,Muito familiarizado,7,"0,67",Installment Finder,5,"0,38",1,1,2,1,1,2,1,1,1,27,"0,063029",0,"0,012377",0,10,6,0,0,"0,137921",10,1
242,Pouco familiarizado,10,"1,00",Installment Finder,10,"1,00",1,1,2,1,1,2,1,1,1,27,"0,063029",0,"0,012377",0,10,6,0,0,"0,137921","0,25","0,25"
243,Pouco familiarizado,7,"0,57",Installment Finder,7,"0,57",1,1,2,1,1,2,1,1,1,27,"0,063029",0,"0,012377",0,10,6,0,0,"0,137921",12,1
244,Pouco familiarizado,7,"0,57",Installment Finder,7,"0,60",1,1,2,1,1,2,1,1,1,27,"0,063029",0,"0,012377",0,10,6,0,0,"0,137921",3,"1,65"
245,Muito familiarizado,5,"0,17",Installment Finder,2,"0,11",1,1,2,1,1,2,1,1,1,27,"0,063029",0,"0,012377",0,10,6,0,0,"0,137921",3,2
246,Pouco familiarizado,6,"0,00",Installment Finder,6,"0,00",1,1,2,1,1,2,1,1,1,27,"0,063029",0,"0,012377",0,10,6,0,0,"0,137921",5,2
247,Pouco familiarizado,8,"0,60",Installment Finder,7,"0,00",1,1,2,1,1,2,1,1,1,27,"0,063029",0,"0,012377",0,10,6,0,0,"0,137921",7,"0,3"
248,Pouco familiarizado,7,"0,50",Installment Finder,9,"0,83",1,1,2,1,1,2,1,1,1,27,"0,063029",0,"0,012377",0,10,6,0,0,"0,137921",12,3
249,Muito familiarizado,4,"0,33",Installment Saver,5,"0,38",1,1,2,1,1,2,1,1,1,"0,5",0,0,"0,00997",0,9,6,0,0,"0,086536",10,1
250,Pouco familiarizado,10,"1,00",Installment Saver,10,"1,00",1,1,2,1,1,2,1,1,1,"0,5",0,0,"0,00997",0,9,6,0,0,"0,086536","0,25","0,25"
251,Pouco familiarizado,7,"0,57",Installment Saver,7,"0,57",1,1,2,1,1,2,1,1,1,"0,5",0,0,"0,00997",0,9,6,0,0,"0,086536",12,1
252,Pouco familiarizado,7,"0,57",Installment Saver,7,"0,60",1,1,2,1,1,2,1,1,1,"0,5",0,0,"0,00997",0,9,6,0,0,"0,086536",3,"1,65"
253,Muito familiarizado,7,"0,50",Installment Saver,2,"0,11",1,1,2,1,1,2,1,1,1,"0,5",0,0,"0,00997",0,9,6,0,0,"0,086536",3,2
254,Pouco familiarizado,6,"0,00",Installment Saver,6,"0,00",1,1,2,1,1,2,1,1,1,"0,5",0,0,"0,00997",0,9,6,0,0,"0,086536",5,2
255,Pouco familiarizado,8,"0,60",Installment Saver,7,"0,00",1,1,2,1,1,2,1,1,1,"0,5",0,0,"0,00997",0,9,6,0,0,"0,086536",7,"0,3"
256,Pouco familiarizado,7,"0,50",Installment Saver,9,"0,83",1,1,2,1,1,2,1,1,1,"0,5",0,0,"0,00997",0,9,6,0,0,"0,086536",12,3
257,Muito familiarizado,7,"0,67",Installment Updater,4,"0,25",1,1,2,1,1,2,1,1,1,"0,5",0,0,"0,00997",0,8,6,0,0,"0,086536",10,1
258,Pouco familiarizado,10,"1,00",Installment Updater,10,"1,00",1,1,2,1,1,2,1,1,1,"0,5",0,0,"0,00997",0,8,6,0,0,"0,086536","0,25","0,25"
259,Pouco familiarizado,7,"0,57",Installment Updater,7,"0,57",1,1,2,1,1,2,1,1,1,"0,5",0,0,"0,00997",0,8,6,0,0,"0,086536",12,1
260,Pouco familiarizado,7,"0,57",Installment Updater,7,"0,60",1,1,2,1,1,2,1,1,1,"0,5",0,0,"0,00997",0,8,6,0,0,"0,086536",3,"1,65"
261,Muito familiarizado,7,"0,50",Installment Updater,2,"0,11",1,1,2,1,1,2,1,1,1,"0,5",0,0,"0,00997",0,8,6,0,0,"0,086536",3,2
262,Pouco familiarizado,6,"0,00",Installment Updater,6,"0,00",1,1,2,1,1,2,1,1,1,"0,5",0,0,"0,00997",0,8,6,0,0,"0,086536",5,2
263,Pouco familiarizado,8,"0,60",Installment Updater,7,"0,00",1,1,2,1,1,2,1,1,1,"0,5",0,0,"0,00997",0,8,6,0,0,"0,086536",7,"0,3"
264,Pouco familiarizado,7,"0,50",Installment Updater,8,"0,67",1,1,2,1,1,2,1,1,1,"0,5",0,0,"0,00997",0,8,6,0,0,"0,086536",12,3
265,Muito familiarizado,4,"0,33",Installment Manager Db,8,"0,75",3,0,3,3,0,3,0,0,0,0,0,0,"0,033932",0,7,6,0,0,"0,193319",10,1
266,Pouco familiarizado,10,"1,00",Installment Manager Db,10,"1,00",3,0,3,3,0,3,0,0,0,0,0,0,"0,033932",0,7,6,0,0,"0,193319","0,25","0,25"
267,Pouco familiarizado,7,"0,57",Installment Manager Db,7,"0,57",3,0,3,3,0,3,0,0,0,0,0,0,"0,033932",0,7,6,0,0,"0,193319",12,1
268,Pouco familiarizado,6,"0,43",Installment Manager Db,5,"0,20",3,0,3,3,0,3,0,0,0,0,0,0,"0,033932",0,7,6,0,0,"0,193319",3,"1,65"
269,Muito familiarizado,7,"0,50",Installment Manager Db,2,"0,11",3,0,3,3,0,3,0,0,0,0,0,0,"0,033932",0,7,6,0,0,"0,193319",3,2
270,Pouco familiarizado,7,"0,25",Installment Manager Db,6,"0,00",3,0,3,3,0,3,0,0,0,0,0,0,"0,033932",0,7,6,0,0,"0,193319",5,2
271,Pouco familiarizado,8,"0,60",Installment Manager Db,7,"0,00",3,0,3,3,0,3,0,0,0,0,0,0,"0,033932",0,7,6,0,0,"0,193319",7,"0,3"
272,Pouco familiarizado,7,"0,50",Installment Manager Db,7,"0,50",3,0,3,3,0,3,0,0,0,0,0,0,"0,033932",0,7,6,0,0,"0,193319",12,3
273,Muito familiarizado,6,"0,56",Billing Table,8,"0,75",2,1,3,2,1,3,6,"0,222222","0,264706",40,"0,173334",0,"0,027668",0,22,1,0,0,"0,578358",10,1
274,Pouco familiarizado,10,"1,00",Billing Table,10,"1,00",2,1,3,2,1,3,6,"0,222222","0,264706",40,"0,173334",0,"0,027668",0,22,1,0,0,"0,578358","0,25","0,25"
275,Familiarizado,7,"0,57",Billing Table,7,"0,57",2,1,3,2,1,3,6,"0,222222","0,264706",40,"0,173334",0,"0,027668",0,22,1,0,0,"0,578358",12,1
276,Muito familiarizado,10,"1,00",Billing Table,6,"0,40",2,1,3,2,1,3,6,"0,222222","0,264706",40,"0,173334",0,"0,027668",0,22,1,0,0,"0,578358",3,"1,65"
277,Muito familiarizado,10,"1,00",Billing Table,10,"1,00",2,1,3,2,1,3,6,"0,222222","0,264706",40,"0,173334",0,"0,027668",0,22,1,0,0,"0,578358",3,2
278,Muito familiarizado,10,"1,00",Billing Table,10,"1,00",2,1,3,2,1,3,6,"0,222222","0,264706",40,"0,173334",0,"0,027668",0,22,1,0,0,"0,578358",5,2
279,Pouco familiarizado,9,"0,80",Billing Table,9,"0,67",2,1,3,2,1,3,6,"0,222222","0,264706",40,"0,173334",0,"0,027668",0,22,1,0,0,"0,578358",7,"0,3"
280,Familiarizado,9,"0,83",Billing Table,10,"1,00",2,1,3,2,1,3,6,"0,222222","0,264706",40,"0,173334",0,"0,027668",0,22,1,0,0,"0,578358",12,3
281,Muito familiarizado,5,"0,44",Billing Worker,10,"1,00",4,4,8,4,4,8,5,"0,283333","0,367647","397,333333",0,"0,356961","0,071919",0,22,1,0,0,"0,952445",10,1
282,Pouco familiarizado,10,"1,00",Billing Worker,10,"1,00",4,4,8,4,4,8,5,"0,283333","0,367647","397,333333",0,"0,356961","0,071919",0,22,1,0,0,"0,952445","0,25","0,25"
283,Pouco familiarizado,7,"0,57",Billing Worker,7,"0,57",4,4,8,4,4,8,5,"0,283333","0,367647","397,333333",0,"0,356961","0,071919",0,22,1,0,0,"0,952445",12,1
284,Muito familiarizado,10,"1,00",Billing Worker,9,"1,00",4,4,8,4,4,8,5,"0,283333","0,367647","397,333333",0,"0,356961","0,071919",0,22,1,0,0,"0,952445",3,"1,65"
285,Muito familiarizado,10,"1,00",Billing Worker,6,"0,56",4,4,8,4,4,8,5,"0,283333","0,367647","397,333333",0,"0,356961","0,071919",0,22,1,0,0,"0,952445",3,2
286,Familiarizado,8,"0,50",Billing Worker,8,"0,50",4,4,8,4,4,8,5,"0,283333","0,367647","397,333333",0,"0,356961","0,071919",0,22,1,0,0,"0,952445",5,2
287,Pouco familiarizado,9,"0,80",Billing Worker,8,"0,33",4,4,8,4,4,8,5,"0,283333","0,367647","397,333333",0,"0,356961","0,071919",0,22,1,0,0,"0,952445",7,"0,3"
288,Familiarizado,10,"1,00",Billing Worker,10,"1,00",4,4,8,4,4,8,5,"0,283333","0,367647","397,333333",0,"0,356961","0,071919",0,22,1,0,0,"0,952445",12,3
289,Muito familiarizado,5,"0,44",Charge Notifier,5,"0,38",1,2,3,1,2,3,8,"0,21118","0,283999",246,"0,110305","0,040179","0,021755",0,22,2,0,0,"0,440437",10,1
290,Pouco familiarizado,10,"1,00",Charge Notifier,10,"1,00",1,2,3,1,2,3,8,"0,21118","0,283999",246,"0,110305","0,040179","0,021755",0,22,2,0,0,"0,440437","0,25","0,25"
291,Pouco familiarizado,7,"0,57",Charge Notifier,7,"0,57",1,2,3,1,2,3,8,"0,21118","0,283999",246,"0,110305","0,040179","0,021755",0,22,2,0,0,"0,440437",12,1
292,Muito familiarizado,8,"0,71",Charge Notifier,7,"0,60",1,2,3,1,2,3,8,"0,21118","0,283999",246,"0,110305","0,040179","0,021755",0,22,2,0,0,"0,440437",3,"1,65"
293,Muito familiarizado,10,"1,00",Charge Notifier,8,"0,78",1,2,3,1,2,3,8,"0,21118","0,283999",246,"0,110305","0,040179","0,021755",0,22,2,0,0,"0,440437",3,2
294,Pouco familiarizado,6,"0,00",Charge Notifier,6,"0,00",1,2,3,1,2,3,8,"0,21118","0,283999",246,"0,110305","0,040179","0,021755",0,22,2,0,0,"0,440437",5,2
295,Familiarizado,10,"1,00",Charge Notifier,9,"0,67",1,2,3,1,2,3,8,"0,21118","0,283999",246,"0,110305","0,040179","0,021755",0,22,2,0,0,"0,440437",7,"0,3"
296,Pouco familiarizado,9,"0,83",Charge Notifier,7,"0,50",1,2,3,1,2,3,8,"0,21118","0,283999",246,"0,110305","0,040179","0,021755",0,22,2,0,0,"0,440437",12,3
297,Muito familiarizado,5,"0,44",Charge Scheduler,4,"0,25",1,1,2,1,1,2,1,1,1,26,"0,063029","0,000109","0,012377",0,6,6,0,0,"0,137921",10,1
298,Pouco familiarizado,10,"1,00",Charge Scheduler,10,"1,00",1,1,2,1,1,2,1,1,1,26,"0,063029","0,000109","0,012377",0,6,6,0,0,"0,137921","0,25","0,25"
299,Pouco familiarizado,7,"0,57",Charge Scheduler,7,"0,57",1,1,2,1,1,2,1,1,1,26,"0,063029","0,000109","0,012377",0,6,6,0,0,"0,137921",12,1
300,Familiarizado,5,"0,29",Charge Scheduler,5,"0,20",1,1,2,1,1,2,1,1,1,26,"0,063029","0,000109","0,012377",0,6,6,0,0,"0,137921",3,"1,65"
301,Muito familiarizado,4,"0,00",Charge Scheduler,2,"0,11",1,1,2,1,1,2,1,1,1,26,"0,063029","0,000109","0,012377",0,6,6,0,0,"0,137921",3,2
302,Pouco familiarizado,6,"0,00",Charge Scheduler,6,"0,00",1,1,2,1,1,2,1,1,1,26,"0,063029","0,000109","0,012377",0,6,6,0,0,"0,137921",5,2
303,Pouco familiarizado,10,"1,00",Charge Scheduler,9,"0,67",1,1,2,1,1,2,1,1,1,26,"0,063029","0,000109","0,012377",0,6,6,0,0,"0,137921",7,"0,3"
304,Pouco familiarizado,6,"0,33",Charge Scheduler,7,"0,50",1,1,2,1,1,2,1,1,1,26,"0,063029","0,000109","0,012377",0,6,6,0,0,"0,137921",12,3
305,Muito familiarizado,5,"0,44",Charge Scheduler Db,6,"0,50",2,0,2,2,0,2,0,0,0,0,"0,000351",0,"0,022065",0,5,6,0,0,"0,100169",10,1
306,Pouco familiarizado,10,"1,00",Charge Scheduler Db,10,"1,00",2,0,2,2,0,2,0,0,0,0,"0,000351",0,"0,022065",0,5,6,0,0,"0,100169","0,25","0,25"
307,Pouco familiarizado,7,"0,57",Charge Scheduler Db,7,"0,57",2,0,2,2,0,2,0,0,0,0,"0,000351",0,"0,022065",0,5,6,0,0,"0,100169",12,1
308,Familiarizado,5,"0,29",Charge Scheduler Db,5,"0,20",2,0,2,2,0,2,0,0,0,0,"0,000351",0,"0,022065",0,5,6,0,0,"0,100169",3,"1,65"
309,Muito familiarizado,4,"0,00",Charge Scheduler Db,2,"0,11",2,0,2,2,0,2,0,0,0,0,"0,000351",0,"0,022065",0,5,6,0,0,"0,100169",3,2
310,Pouco familiarizado,6,"0,00",Charge Scheduler Db,6,"0,00",2,0,2,2,0,2,0,0,0,0,"0,000351",0,"0,022065",0,5,6,0,0,"0,100169",5,2
311,Pouco familiarizado,10,"1,00",Charge Scheduler Db,9,"0,67",2,0,2,2,0,2,0,0,0,0,"0,000351",0,"0,022065",0,5,6,0,0,"0,100169",7,"0,3"
312,Pouco familiarizado,6,"0,33",Charge Scheduler Db,7,"0,50",2,0,2,2,0,2,0,0,0,0,"0,000351",0,"0,022065",0,5,6,0,0,"0,100169",12,3
313,Muito familiarizado,6,"0,56",Charge Schedule Processor,7,"0,63",1,2,3,1,2,3,7,"0,234899","0,317347",35,0,"0,001028","0,011957",0,40,6,0,0,"0,004907",10,1
314,Pouco familiarizado,10,"1,00",Charge Schedule Processor,10,"1,00",1,2,3,1,2,3,7,"0,234899","0,317347",35,0,"0,001028","0,011957",0,40,6,0,0,"0,004907","0,25","0,25"
315,Pouco familiarizado,7,"0,57",Charge Schedule Processor,7,"0,57",1,2,3,1,2,3,7,"0,234899","0,317347",35,0,"0,001028","0,011957",0,40,6,0,0,"0,004907",12,1
316,Familiarizado,5,"0,29",Charge Schedule Processor,5,"0,20",1,2,3,1,2,3,7,"0,234899","0,317347",35,0,"0,001028","0,011957",0,40,6,0,0,"0,004907",3,"1,65"
317,Muito familiarizado,4,"0,00",Charge Schedule Processor,2,"0,11",1,2,3,1,2,3,7,"0,234899","0,317347",35,0,"0,001028","0,011957",0,40,6,0,0,"0,004907",3,2
318,Pouco familiarizado,6,"0,00",Charge Schedule Processor,6,"0,00",1,2,3,1,2,3,7,"0,234899","0,317347",35,0,"0,001028","0,011957",0,40,6,0,0,"0,004907",5,2
319,Pouco familiarizado,10,"1,00",Charge Schedule Processor,9,"0,67",1,2,3,1,2,3,7,"0,234899","0,317347",35,0,"0,001028","0,011957",0,40,6,0,0,"0,004907",7,"0,3"
320,Familiarizado,7,"0,50",Charge Schedule Processor,7,"0,50",1,2,3,1,2,3,7,"0,234899","0,317347",35,0,"0,001028","0,011957",0,40,6,0,0,"0,004907",12,3
321,Muito familiarizado,6,"0,56",Acquirer Notification Adapter,5,"0,38",1,1,2,1,1,2,6,"0,225166","0,272059","11,5","0,117821",0,"0,015468",0,22,1,0,0,"0,225962",10,1
322,Pouco familiarizado,10,"1,00",Acquirer Notification Adapter,10,"1,00",1,1,2,1,1,2,6,"0,225166","0,272059","11,5","0,117821",0,"0,015468",0,22,1,0,0,"0,225962","0,25","0,25"
323,Pouco familiarizado,7,"0,57",Acquirer Notification Adapter,7,"0,57",1,1,2,1,1,2,6,"0,225166","0,272059","11,5","0,117821",0,"0,015468",0,22,1,0,0,"0,225962",12,1
324,Familiarizado,7,"0,57",Acquirer Notification Adapter,5,"0,20",1,1,2,1,1,2,6,"0,225166","0,272059","11,5","0,117821",0,"0,015468",0,22,1,0,0,"0,225962",3,"1,65"
325,Muito familiarizado,6,"0,33",Acquirer Notification Adapter,3,"0,22",1,1,2,1,1,2,6,"0,225166","0,272059","11,5","0,117821",0,"0,015468",0,22,1,0,0,"0,225962",3,2
326,Pouco familiarizado,7,"0,25",Acquirer Notification Adapter,6,"0,00",1,1,2,1,1,2,6,"0,225166","0,272059","11,5","0,117821",0,"0,015468",0,22,1,0,0,"0,225962",5,2
327,Pouco familiarizado,9,"0,80",Acquirer Notification Adapter,9,"0,67",1,1,2,1,1,2,6,"0,225166","0,272059","11,5","0,117821",0,"0,015468",0,22,1,0,0,"0,225962",7,"0,3"
328,Pouco familiarizado,8,"0,67",Acquirer Notification Adapter,8,"0,67",1,1,2,1,1,2,6,"0,225166","0,272059","11,5","0,117821",0,"0,015468",0,22,1,0,0,"0,225962",12,3
329,Muito familiarizado,6,"0,56",Acquirer Charge Creator,6,"0,50",1,3,4,1,3,4,6,"0,25","0,332353",94,"0,063029",0,"0,012377",0,22,6,0,0,"0,137921",10,1
330,Pouco familiarizado,10,"1,00",Acquirer Charge Creator,10,"1,00",1,3,4,1,3,4,6,"0,25","0,332353",94,"0,063029",0,"0,012377",0,22,6,0,0,"0,137921","0,25","0,25"
331,Pouco familiarizado,7,"0,57",Acquirer Charge Creator,7,"0,57",1,3,4,1,3,4,6,"0,25","0,332353",94,"0,063029",0,"0,012377",0,22,6,0,0,"0,137921",12,1
332,Familiarizado,7,"0,57",Acquirer Charge Creator,5,"0,20",1,3,4,1,3,4,6,"0,25","0,332353",94,"0,063029",0,"0,012377",0,22,6,0,0,"0,137921",3,"1,65"
333,Muito familiarizado,9,"0,83",Acquirer Charge Creator,3,"0,22",1,3,4,1,3,4,6,"0,25","0,332353",94,"0,063029",0,"0,012377",0,22,6,0,0,"0,137921",3,2
334,Pouco familiarizado,7,"0,25",Acquirer Charge Creator,6,"0,00",1,3,4,1,3,4,6,"0,25","0,332353",94,"0,063029",0,"0,012377",0,22,6,0,0,"0,137921",5,2
335,Pouco familiarizado,9,"0,80",Acquirer Charge Creator,7,"0,00",1,3,4,1,3,4,6,"0,25","0,332353",94,"0,063029",0,"0,012377",0,22,6,0,0,"0,137921",7,"0,3"
336,Familiarizado,8,"0,67",Acquirer Charge Creator,10,"1,00",1,3,4,1,3,4,6,"0,25","0,332353",94,"0,063029",0,"0,012377",0,22,6,0,0,"0,137921",12,3